"","binlow","binhigh","binmean","binstdev","mean","stdev"
"1",-0.006,0.220099999999923,-0.760151167745685,1.00404721672592,-0.12723667421826,1.18973991858435
"2",0.220099999999923,0.420099999999923,-0.262593732216248,0.575912319220599,-0.12723667421826,0.592157810933503
"3",0.420099999999923,0.670099999999924,-0.317719482094342,0.542206014444112,-0.12723667421826,0.575647955142074
"4",0.670099999999924,1.12009999999992,-0.1398997001089,0.356290534030538,-0.12723667421826,0.356522747544785
"5",1.12009999999992,1.52009999999992,0.0415936686101071,0.437793777787077,-0.12723667421826,0.470086659584057
"6",1.52009999999992,2.07009999999992,0.134552936925389,0.459074911520274,-0.12723667421826,0.530868970460319
"7",2.07009999999992,4.17009999999992,-0.00406022929393157,0.379804447351634,-0.12723667421826,0.399982245740967
"8",4.17009999999992,14.9201,0.29038431217753,0.676937905654049,-0.12723667421826,0.799300349126475
